{
    "dataset": "redial",
    "format": 3,
    "recommendation_only": false,
    "skip_reranker": false,
    "disable_fusion": false,
    "conversations": 200,
    "instances": 640,
    "skipped_conversations": 0,
    "skipped_instances": 0,
    "reranker_fallbacks": 0,
    "recommendation": {
        "Recall@1": 0.0265625,
        "Precision@1": 0.0265625,
        "NDCG@1": 0.0265625,
        "Recall@10": 0.103125,
        "Precision@10": 0.010468749999999988,
        "NDCG@10": 0.0540965342724532,
        "Recall@50": 0.240625,
        "Precision@50": 0.005250000000000004,
        "NDCG@50": 0.08354461709167196,
        "MRR": 0.05137703464109918,
        "Reranker@1": 0.0234375,
        "AvgGoldRank": 17.77922077922078,
        "MedianGoldRank": 14.0
    },
    "conversation": {
        "Distinct-2": 0.29024924900543964,
        "Distinct-3": 0.544912396150366,
        "Distinct-4": 0.715262148870551,
        "BLEU": 0.004707787071609489,
        "ROUGE-1": 0.07418885279790186,
        "ROUGE-2": 0.007326370567262971,
        "ROUGE-L": 0.0604883055179937,
        "Avg_Length": 78.0078125
    },
    "conversation_level": {
        "conversations_evaluated": 200,
        "ConvSuccess@1": 0.065,
        "ConvRecall@10": 0.235,
        "ConvRecall@50": 0.51
    },
    "mlflow_run_id": "cba19c5bf5a443e5b782412211653ed0"
}