{
    "dataset": "redial",
    "format": 1,
    "recommendation_only": true,
    "skip_reranker": false,
    "disable_fusion": false,
    "conversations": 1301,
    "instances": 3898,
    "skipped_conversations": 0,
    "skipped_instances": 0,
    "reranker_fallbacks": 1,
    "recommendation": {
        "Recall@1": 0.023601847101077475,
        "Precision@1": 0.023601847101077475,
        "NDCG@1": 0.023601847101077475,
        "Recall@10": 0.09953822473063109,
        "Precision@10": 0.01023601847101085,
        "NDCG@10": 0.04933564711133,
        "Recall@50": 0.2483324781939456,
        "Precision@50": 0.005346331452026593,
        "NDCG@50": 0.08010551441357525,
        "MRR": 0.04680638293382951,
        "Reranker@1": 0.028989225243714726,
        "AvgGoldRank": 18.90082644628099,
        "MedianGoldRank": 15.5
    },
    "conversation": {},
    "conversation_level": {
        "conversations_evaluated": 1301,
        "ConvSuccess@1": 0.08378170637970792,
        "ConvRecall@10": 0.2382782475019216,
        "ConvRecall@50": 0.5142198308993082
    },
    "mlflow_run_id": "0c298cfcf6fc44508427c26553a4de11"
}