{
    "dataset": "inspired",
    "format": 1,
    "recommendation_only": true,
    "conversations": 88,
    "instances": 263,
    "skipped_conversations": 0,
    "skipped_instances": 0,
    "reranker_fallbacks": 0,
    "recommendation": {
        "Recall@1": 0.0076045627376425855,
        "Recall@10": 0.12927756653992395,
        "Recall@50": 0.18631178707224336,
        "MRR": 0.05058482330094576,
        "Reranker@1": 0.07984790874524715
    },
    "conversation": {},
    "mlflow_run_id": "c506e3710cc4431b86ab2e5aae6432dc"
}