{
    "dataset": "redial",
    "format": 3,
    "recommendation_only": false,
    "skip_reranker": false,
    "disable_fusion": false,
    "conversations": 200,
    "instances": 640,
    "skipped_conversations": 0,
    "skipped_instances": 0,
    "reranker_fallbacks": 3,
    "recommendation": {
        "Recall@1": 0.0265625,
        "Precision@1": 0.0265625,
        "NDCG@1": 0.0265625,
        "Recall@10": 0.1046875,
        "Precision@10": 0.010624999999999989,
        "NDCG@10": 0.05406239120586072,
        "Recall@50": 0.25,
        "Precision@50": 0.005437500000000004,
        "NDCG@50": 0.08513547312623107,
        "MRR": 0.051328471379064454,
        "Reranker@1": 0.0234375,
        "AvgGoldRank": 17.99375,
        "MedianGoldRank": 14.0
    },
    "conversation": {
        "Distinct-2": 0.29062170278386495,
        "Distinct-3": 0.5489680124989721,
        "Distinct-4": 0.7213357220231648,
        "BLEU": 0.00517136623079477,
        "ROUGE-1": 0.07585489670823678,
        "ROUGE-2": 0.007631728579708699,
        "ROUGE-L": 0.0619078166590948,
        "Avg_Length": 78.0265625
    },
    "conversation_level": {
        "conversations_evaluated": 200,
        "ConvSuccess@1": 0.07,
        "ConvRecall@10": 0.24,
        "ConvRecall@50": 0.525
    },
    "mlflow_run_id": "d2d33409c3e64a08bd214a421d2642bd"
}