{
    "dataset": "redial",
    "format": 1,
    "recommendation_only": false,
    "skip_reranker": true,
    "disable_fusion": true,
    "conversations": 1301,
    "instances": 3898,
    "skipped_conversations": 0,
    "skipped_instances": 0,
    "reranker_fallbacks": 0,
    "recommendation": {
        "Recall@1": 0.023858388917393534,
        "Precision@1": 0.023858388917393534,
        "NDCG@1": 0.023858388917393534,
        "Recall@10": 0.09851205746536686,
        "Precision@10": 0.010107747562852815,
        "NDCG@10": 0.04969571835438344,
        "Recall@50": 0.21139045664443304,
        "Precision@50": 0.004540790148794183,
        "NDCG@50": 0.07359150951425228,
        "MRR": 0.04641728224158413,
        "Reranker@1": 0.023858388917393534,
        "AvgGoldRank": 16.362864077669904,
        "MedianGoldRank": 12.0
    },
    "conversation": {
        "Distinct-2": 0.14773648153630392,
        "Distinct-3": 0.36705444533531006,
        "Distinct-4": 0.561957889515855,
        "BLEU": 0.004513756803850456,
        "ROUGE-1": 0.06835426410207662,
        "ROUGE-2": 0.007349920089841492,
        "ROUGE-L": 0.054994670734975604,
        "Avg_Length": 86.80631092868137
    },
    "conversation_level": {
        "conversations_evaluated": 1301,
        "ConvSuccess@1": 0.06610299769408147,
        "ConvRecall@10": 0.24289008455034589,
        "ConvRecall@50": 0.44734819369715606
    },
    "mlflow_run_id": "5e4123bb6d9549dbbbc5aca56cd6dc77"
}