{
    "dataset": "redial",
    "format": 1,
    "recommendation_only": false,
    "skip_reranker": true,
    "disable_fusion": true,
    "conversations": 200,
    "instances": 640,
    "skipped_conversations": 0,
    "skipped_instances": 0,
    "reranker_fallbacks": 0,
    "recommendation": {
        "Recall@1": 0.0265625,
        "Precision@1": 0.0265625,
        "NDCG@1": 0.0265625,
        "Recall@10": 0.1109375,
        "Precision@10": 0.011249999999999986,
        "NDCG@10": 0.05625650080709053,
        "Recall@50": 0.21875,
        "Precision@50": 0.004781250000000003,
        "NDCG@50": 0.0798273606404372,
        "MRR": 0.051070977779141644,
        "Reranker@1": 0.0265625,
        "AvgGoldRank": 15.114285714285714,
        "MedianGoldRank": 10.0
    },
    "conversation": {
        "Distinct-2": 0.2783615185028431,
        "Distinct-3": 0.53944844794518,
        "Distinct-4": 0.7136045832312534,
        "BLEU": 0.00476032399035645,
        "ROUGE-1": 0.07238084280347866,
        "ROUGE-2": 0.00726795061210541,
        "ROUGE-L": 0.05889931418696419,
        "Avg_Length": 85.921875
    },
    "conversation_level": {
        "conversations_evaluated": 200,
        "ConvSuccess@1": 0.07,
        "ConvRecall@10": 0.255,
        "ConvRecall@50": 0.485
    },
    "mlflow_run_id": "55b7c89ad0254977839f713c7895ddfb"
}