{
    "dataset": "redial",
    "format": 1,
    "recommendation_only": true,
    "skip_reranker": false,
    "disable_fusion": false,
    "conversations": 1301,
    "instances": 3898,
    "skipped_conversations": 0,
    "skipped_instances": 0,
    "reranker_fallbacks": 1,
    "recommendation": {
        "Recall@1": 0.023858388917393534,
        "Precision@1": 0.023858388917393534,
        "NDCG@1": 0.023858388917393534,
        "Recall@10": 0.09774243201641868,
        "Precision@10": 0.010030785017957997,
        "NDCG@10": 0.04921039810768681,
        "Recall@50": 0.2421754746023602,
        "Precision@50": 0.00518727552591064,
        "NDCG@50": 0.07899155688761862,
        "MRR": 0.04686682699829029,
        "Reranker@1": 0.030271934325295024,
        "AvgGoldRank": 18.452330508474578,
        "MedianGoldRank": 15.0
    },
    "conversation": {},
    "conversation_level": {
        "conversations_evaluated": 1301,
        "ConvSuccess@1": 0.08378170637970792,
        "ConvRecall@10": 0.23597232897770945,
        "ConvRecall@50": 0.504227517294389
    },
    "mlflow_run_id": "66405eb24df14f02aa1bd616901ecaa7"
}