{
    "dataset": "redial",
    "format": 1,
    "recommendation_only": true,
    "conversations": 1301,
    "instances": 3898,
    "skipped_conversations": 0,
    "skipped_instances": 0,
    "reranker_fallbacks": 4,
    "recommendation": {
        "Recall@1": 0.04592098512057465,
        "Recall@10": 0.16623909697280656,
        "Recall@50": 0.32786044125192404,
        "MRR": 0.0832421889333,
        "Reranker@1": 0.1382760389943561
    },
    "conversation": {},
    "mlflow_run_id": "9bc2d981141c4e038ad1d953f30316d4"
}