{
    "dataset": "redial",
    "format": 1,
    "recommendation_only": false,
    "skip_reranker": false,
    "disable_fusion": false,
    "conversations": 1301,
    "instances": 3898,
    "skipped_conversations": 0,
    "skipped_instances": 0,
    "reranker_fallbacks": 0,
    "recommendation": {
        "Recall@1": 0.023088763468445357,
        "Precision@1": 0.023088763468445357,
        "NDCG@1": 0.023088763468445357,
        "Recall@10": 0.09748589020010262,
        "Precision@10": 0.010030785017957997,
        "NDCG@10": 0.04880298617289232,
        "Recall@50": 0.24012314007183172,
        "Precision@50": 0.005171883016931676,
        "NDCG@50": 0.07850571438733298,
        "MRR": 0.04659392020107507,
        "Reranker@1": 0.025654181631605953,
        "AvgGoldRank": 18.319444444444443,
        "MedianGoldRank": 15.0
    },
    "conversation": {
        "Distinct-2": 0.16322186783453355,
        "Distinct-3": 0.39300026454767245,
        "Distinct-4": 0.5910911887788015,
        "BLEU": 0.004587646479265632,
        "ROUGE-1": 0.0705267265678453,
        "ROUGE-2": 0.007349119752229144,
        "ROUGE-L": 0.056461807459561746,
        "Avg_Length": 80.56464853771165
    },
    "conversation_level": {
        "conversations_evaluated": 1301,
        "ConvSuccess@1": 0.0730207532667179,
        "ConvRecall@10": 0.2321291314373559,
        "ConvRecall@50": 0.4980784012298232
    },
    "mlflow_run_id": "456392d8878346ec9fb6c04cca0a0b20"
}