{
    "dataset": "redial",
    "format": 3,
    "recommendation_only": true,
    "conversations": 1301,
    "instances": 3898,
    "skipped_conversations": 0,
    "skipped_instances": 0,
    "reranker_fallbacks": 2,
    "recommendation": {
        "Recall@1": 0.045407901487942534,
        "Recall@10": 0.1672652642380708,
        "Recall@50": 0.32657773217034375,
        "MRR": 0.08296713172024817,
        "Reranker@1": 0.0918419702411493
    },
    "conversation": {},
    "mlflow_run_id": "ff77736f7b934dff86ff90b8256a3eec"
}