{
    "dataset": "redial",
    "format": 1,
    "recommendation_only": false,
    "skip_reranker": false,
    "disable_fusion": false,
    "conversations": 200,
    "instances": 640,
    "skipped_conversations": 0,
    "skipped_instances": 0,
    "reranker_fallbacks": 0,
    "recommendation": {
        "Recall@1": 0.0265625,
        "Precision@1": 0.0265625,
        "NDCG@1": 0.0265625,
        "Recall@10": 0.1,
        "Precision@10": 0.01015624999999999,
        "NDCG@10": 0.05311035382013798,
        "Recall@50": 0.2390625,
        "Precision@50": 0.005187500000000004,
        "NDCG@50": 0.08273962053367447,
        "MRR": 0.05101043597130537,
        "Reranker@1": 0.0296875,
        "AvgGoldRank": 17.745098039215687,
        "MedianGoldRank": 13
    },
    "conversation": {
        "Distinct-2": 0.29607827539575216,
        "Distinct-3": 0.5552936910804931,
        "Distinct-4": 0.7267365929311893,
        "BLEU": 0.005250178066811059,
        "ROUGE-1": 0.07688960001239956,
        "ROUGE-2": 0.008252973697872302,
        "ROUGE-L": 0.06172679470091118,
        "Avg_Length": 79.5796875
    },
    "conversation_level": {
        "conversations_evaluated": 200,
        "ConvSuccess@1": 0.095,
        "ConvRecall@10": 0.235,
        "ConvRecall@50": 0.51
    },
    "mlflow_run_id": "428b57b98d904202aa89e2ec33d205f4"
}