{
    "dataset": "redial",
    "format": 1,
    "recommendation_only": true,
    "skip_reranker": false,
    "conversations": 1301,
    "instances": 3898,
    "skipped_conversations": 0,
    "skipped_instances": 0,
    "reranker_fallbacks": 3,
    "recommendation": {
        "Recall@1": 0.046177526936890714,
        "Recall@10": 0.1646998460749102,
        "Recall@50": 0.32606464853771167,
        "MRR": 0.08311450856572573,
        "Reranker@1": 0.1393022062596203
    },
    "conversation": {},
    "mlflow_run_id": "567ccd0671644abfb4459c9311f3a246"
}